{
  "IcoMoonType": "selection",
  "icons": [
    {
      "icon": {
        "paths": [
          "M1024 608l-192-192v-288h-128v160l-192-192-512 512v32h128v320h320v-192h128v192h320v-320h128z"
        ],
        "tags": [
          "home",
          "house"
        ],
        "defaultCode": 59650,
        "grid": 16,
        "attrs": []
      },
      "attrs": [],
      "properties": {
        "ligatures": "home3, house3",
        "name": "home3",
        "order": 5,
        "id": 3,
        "prevSize": 32
      },
      "setIdx": 0,
      "setId": 1,
      "iconIdx": 2
    },
    {
      "icon": {
        "paths": [
          "M959.884 128c0.040 0.034 0.082 0.076 0.116 0.116v767.77c-0.034 0.040-0.076 0.082-0.116 0.116h-895.77c-0.040-0.034-0.082-0.076-0.114-0.116v-767.772c0.034-0.040 0.076-0.082 0.114-0.114h895.77zM960 64h-896c-35.2 0-64 28.8-64 64v768c0 35.2 28.8 64 64 64h896c35.2 0 64-28.8 64-64v-768c0-35.2-28.8-64-64-64v0z",
          "M832 288c0 53.020-42.98 96-96 96s-96-42.98-96-96 42.98-96 96-96 96 42.98 96 96z",
          "M896 832h-768v-128l224-384 256 320h64l224-192z"
        ],
        "tags": [
          "image",
          "picture",
          "photo",
          "graphic"
        ],
        "defaultCode": 59661,
        "grid": 16,
        "attrs": []
      },
      "attrs": [],
      "properties": {
        "ligatures": "image, picture",
        "name": "image",
        "order": 7,
        "id": 14,
        "prevSize": 32
      },
      "setIdx": 0,
      "setId": 1,
      "iconIdx": 13
    },
    {
      "icon": {
        "paths": [
          "M981.188 160.108c-143.632-20.65-302.332-32.108-469.186-32.108-166.86 0-325.556 11.458-469.194 32.108-27.53 107.726-42.808 226.75-42.808 351.892 0 125.14 15.278 244.166 42.808 351.89 143.638 20.652 302.336 32.11 469.194 32.11 166.854 0 325.552-11.458 469.186-32.11 27.532-107.724 42.812-226.75 42.812-351.89 0-125.142-15.28-244.166-42.812-351.892zM384.002 704v-384l320 192-320 192z"
        ],
        "tags": [
          "play",
          "video",
          "movie"
        ],
        "defaultCode": 59666,
        "grid": 16,
        "attrs": []
      },
      "attrs": [],
      "properties": {
        "ligatures": "play, video",
        "name": "play",
        "order": 6,
        "id": 19,
        "prevSize": 32
      },
      "setIdx": 0,
      "setId": 1,
      "iconIdx": 18
    },
    {
      "icon": {
        "paths": [
          "M928 128h-832c-52.8 0-96 43.2-96 96v576c0 52.8 43.2 96 96 96h832c52.8 0 96-43.2 96-96v-576c0-52.8-43.2-96-96-96zM96 192h832c17.346 0 32 14.654 32 32v96h-896v-96c0-17.346 14.654-32 32-32zM928 832h-832c-17.346 0-32-14.654-32-32v-288h896v288c0 17.346-14.654 32-32 32zM128 640h64v128h-64zM256 640h64v128h-64zM384 640h64v128h-64z"
        ],
        "tags": [
          "credit-card",
          "money",
          "payment",
          "ecommerce"
        ],
        "defaultCode": 59711,
        "grid": 16,
        "attrs": []
      },
      "attrs": [],
      "properties": {
        "ligatures": "credit-card, money5",
        "name": "credit-card",
        "order": 11,
        "id": 64,
        "prevSize": 32
      },
      "setIdx": 0,
      "setId": 1,
      "iconIdx": 63
    },
    {
      "icon": {
        "paths": [
          "M704 640c-64 64-64 128-128 128s-128-64-192-128-128-128-128-192 64-64 128-128-128-256-192-256-192 192-192 192c0 128 131.5 387.5 256 512s384 256 512 256c0 0 192-128 192-192s-192-256-256-192z"
        ],
        "tags": [
          "phone",
          "telephone",
          "contact",
          "support",
          "call"
        ],
        "defaultCode": 59714,
        "grid": 16,
        "attrs": []
      },
      "attrs": [],
      "properties": {
        "ligatures": "phone, telephone",
        "name": "phone",
        "order": 10,
        "id": 67,
        "prevSize": 32
      },
      "setIdx": 0,
      "setId": 1,
      "iconIdx": 66
    },
    {
      "icon": {
        "paths": [
          "M192 0v1024h768v-1024h-768zM576 256.33c70.51 0 127.67 57.16 127.67 127.67s-57.16 127.67-127.67 127.67-127.67-57.16-127.67-127.67 57.16-127.67 127.67-127.67v0zM768 768h-384v-64c0-70.696 57.306-128 128-128v0h128c70.696 0 128 57.304 128 128v64z",
          "M64 64h96v192h-96v-192z",
          "M64 320h96v192h-96v-192z",
          "M64 576h96v192h-96v-192z",
          "M64 832h96v192h-96v-192z"
        ],
        "tags": [
          "address-book",
          "contact",
          "book",
          "contacts"
        ],
        "defaultCode": 59716,
        "grid": 16,
        "attrs": []
      },
      "attrs": [],
      "properties": {
        "ligatures": "address-book, contact",
        "name": "address-book",
        "order": 9,
        "id": 69,
        "prevSize": 32
      },
      "setIdx": 0,
      "setId": 1,
      "iconIdx": 68
    },
    {
      "icon": {
        "paths": [
          "M928 128h-832c-52.8 0-96 43.2-96 96v640c0 52.8 43.2 96 96 96h832c52.8 0 96-43.2 96-96v-640c0-52.8-43.2-96-96-96zM398.74 550.372l-270.74 210.892v-501.642l270.74 290.75zM176.38 256h671.24l-335.62 252-335.62-252zM409.288 561.698l102.712 110.302 102.71-110.302 210.554 270.302h-626.528l210.552-270.302zM625.26 550.372l270.74-290.75v501.642l-270.74-210.892z"
        ],
        "tags": [
          "envelop",
          "mail",
          "email",
          "contact",
          "letter"
        ],
        "defaultCode": 59717,
        "grid": 16,
        "attrs": []
      },
      "attrs": [],
      "properties": {
        "ligatures": "envelop, mail",
        "name": "envelop",
        "order": 2,
        "id": 70,
        "prevSize": 32
      },
      "setIdx": 0,
      "setId": 1,
      "iconIdx": 69
    },
    {
      "icon": {
        "paths": [
          "M544 0l-96 96 96 96-224 256h-224l176 176-272 360.616v39.384h39.384l360.616-272 176 176v-224l256-224 96 96 96-96-480-480zM448 544l-64-64 224-224 64 64-224 224z"
        ],
        "tags": [
          "pushpin",
          "pin"
        ],
        "defaultCode": 59718,
        "grid": 16,
        "attrs": []
      },
      "attrs": [],
      "properties": {
        "ligatures": "pushpin, pin",
        "name": "pushpin",
        "order": 12,
        "id": 71,
        "prevSize": 32
      },
      "setIdx": 0,
      "setId": 1,
      "iconIdx": 70
    },
    {
      "icon": {
        "paths": [
          "M512 0c-176.732 0-320 143.268-320 320 0 320 320 704 320 704s320-384 320-704c0-176.732-143.27-320-320-320zM512 512c-106.040 0-192-85.96-192-192s85.96-192 192-192 192 85.96 192 192-85.96 192-192 192z"
        ],
        "tags": [
          "location",
          "map-marker",
          "pin"
        ],
        "defaultCode": 59719,
        "grid": 16,
        "attrs": []
      },
      "attrs": [],
      "properties": {
        "ligatures": "location, map-marker",
        "name": "location",
        "order": 13,
        "id": 72,
        "prevSize": 32
      },
      "setIdx": 0,
      "setId": 1,
      "iconIdx": 71
    },
    {
      "icon": {
        "paths": [
          "M544.010 1024.004c-2.296 0-4.622-0.25-6.94-0.764-14.648-3.25-25.070-16.238-25.070-31.24v-480h-480c-15.002 0-27.992-10.422-31.24-25.070-3.25-14.646 4.114-29.584 17.708-35.928l960-448c12.196-5.688 26.644-3.144 36.16 6.372 9.516 9.514 12.060 23.966 6.372 36.16l-448 960c-5.342 11.44-16.772 18.47-28.99 18.47zM176.242 448h367.758c17.674 0 32 14.328 32 32v367.758l349.79-749.546-749.548 349.788z"
        ],
        "tags": [
          "compass",
          "direction",
          "location"
        ],
        "defaultCode": 59721,
        "grid": 16,
        "attrs": []
      },
      "attrs": [],
      "properties": {
        "ligatures": "compass, direction",
        "name": "compass",
        "order": 3,
        "id": 74,
        "prevSize": 32
      },
      "setIdx": 0,
      "setId": 1,
      "iconIdx": 73
    },
    {
      "icon": {
        "paths": [
          "M1025.5 800c0-288-256-224-256-448 0-18.56-1.788-34.42-5.048-47.928-16.83-113.018-92.156-203.72-189.772-231.36 0.866-3.948 1.32-8.032 1.32-12.21 0-33.278-28.8-60.502-64-60.502s-64 27.224-64 60.5c0 4.18 0.456 8.264 1.32 12.21-109.47 30.998-190.914 141.298-193.254 273.442-0.040 1.92-0.066 3.864-0.066 5.846 0 224.002-256 160.002-256 448.002 0 76.226 170.59 139.996 398.97 156.080 21.524 40.404 64.056 67.92 113.030 67.92s91.508-27.516 113.030-67.92c228.38-16.084 398.97-79.854 398.97-156.080 0-0.228-0.026-0.456-0.028-0.682l1.528 0.682zM826.246 854.096c-54.23 14.47-118.158 24.876-186.768 30.648-5.704-65.418-60.582-116.744-127.478-116.744s-121.774 51.326-127.478 116.744c-68.608-5.772-132.538-16.178-186.768-30.648-74.63-19.914-110.31-42.19-123.368-54.096 13.058-11.906 48.738-34.182 123.368-54.096 86.772-23.152 198.372-35.904 314.246-35.904s227.474 12.752 314.246 35.904c74.63 19.914 110.31 42.19 123.368 54.096-13.058 11.906-48.738 34.182-123.368 54.096z"
        ],
        "tags": [
          "bell",
          "alarm",
          "notification"
        ],
        "defaultCode": 59729,
        "grid": 16,
        "attrs": []
      },
      "attrs": [],
      "properties": {
        "ligatures": "bell, alarm2",
        "name": "bell",
        "order": 15,
        "id": 82,
        "prevSize": 32
      },
      "setIdx": 0,
      "setId": 1,
      "iconIdx": 81
    },
    {
      "icon": {
        "paths": [
          "M320 384h128v128h-128zM512 384h128v128h-128zM704 384h128v128h-128zM128 768h128v128h-128zM320 768h128v128h-128zM512 768h128v128h-128zM320 576h128v128h-128zM512 576h128v128h-128zM704 576h128v128h-128zM128 576h128v128h-128zM832 0v64h-128v-64h-448v64h-128v-64h-128v1024h960v-1024h-128zM896 960h-832v-704h832v704z"
        ],
        "tags": [
          "calendar",
          "date",
          "schedule",
          "time",
          "day"
        ],
        "defaultCode": 59731,
        "grid": 16,
        "attrs": []
      },
      "attrs": [],
      "properties": {
        "ligatures": "calendar, date",
        "name": "calendar",
        "order": 14,
        "id": 84,
        "prevSize": 32
      },
      "setIdx": 0,
      "setId": 1,
      "iconIdx": 83
    },
    {
      "icon": {
        "paths": [
          "M256 64h512v128h-512v-128z",
          "M960 256h-896c-35.2 0-64 28.8-64 64v320c0 35.2 28.794 64 64 64h192v256h512v-256h192c35.2 0 64-28.8 64-64v-320c0-35.2-28.8-64-64-64zM128 448c-35.346 0-64-28.654-64-64s28.654-64 64-64 64 28.654 64 64-28.652 64-64 64zM704 896h-384v-320h384v320z"
        ],
        "tags": [
          "printer",
          "print"
        ],
        "defaultCode": 59732,
        "grid": 16,
        "attrs": []
      },
      "attrs": [],
      "properties": {
        "ligatures": "printer, print",
        "name": "printer",
        "order": 16,
        "id": 85,
        "prevSize": 32
      },
      "setIdx": 0,
      "setId": 1,
      "iconIdx": 84
    },
    {
      "icon": {
        "paths": [
          "M736 0h-448c-52.8 0-96 43.2-96 96v832c0 52.8 43.2 96 96 96h448c52.8 0 96-43.2 96-96v-832c0-52.8-43.2-96-96-96zM384 48h256v32h-256v-32zM512 960c-35.346 0-64-28.654-64-64s28.654-64 64-64 64 28.654 64 64-28.654 64-64 64zM768 768h-512v-640h512v640z"
        ],
        "tags": [
          "mobile",
          "cell-phone",
          "handheld"
        ],
        "defaultCode": 59736,
        "grid": 16,
        "attrs": []
      },
      "attrs": [],
      "properties": {
        "ligatures": "mobile, cell-phone",
        "name": "mobile",
        "order": 17,
        "id": 89,
        "prevSize": 32
      },
      "setIdx": 0,
      "setId": 1,
      "iconIdx": 88
    },
    {
      "icon": {
        "paths": [
          "M800 0h-640c-52.8 0-96 43.2-96 96v832c0 52.8 43.2 96 96 96h640c52.8 0 96-43.2 96-96v-832c0-52.8-43.2-96-96-96zM480 992c-17.672 0-32-14.326-32-32s14.328-32 32-32 32 14.326 32 32-14.328 32-32 32zM768 896h-576v-768h576v768z"
        ],
        "tags": [
          "tablet",
          "mobile"
        ],
        "defaultCode": 59738,
        "grid": 16,
        "attrs": []
      },
      "attrs": [],
      "properties": {
        "ligatures": "tablet, mobile3",
        "name": "tablet",
        "order": 18,
        "id": 91,
        "prevSize": 32
      },
      "setIdx": 0,
      "setId": 1,
      "iconIdx": 90
    },
    {
      "icon": {
        "paths": [
          "M896 0h-896v1024h1024v-896l-128-128zM512 128h128v256h-128v-256zM896 896h-768v-768h64v320h576v-320h74.978l53.022 53.018v714.982z"
        ],
        "tags": [
          "floppy-disk",
          "save"
        ],
        "defaultCode": 59746,
        "grid": 16,
        "attrs": []
      },
      "attrs": [],
      "properties": {
        "ligatures": "floppy-disk, save2",
        "name": "floppy-disk",
        "order": 19,
        "id": 99,
        "prevSize": 32
      },
      "setIdx": 0,
      "setId": 1,
      "iconIdx": 98
    },
    {
      "icon": {
        "width": 1152,
        "paths": [
          "M480 0v0c265.096 0 480 173.914 480 388.448s-214.904 388.448-480 388.448c-25.458 0-50.446-1.62-74.834-4.71-103.106 102.694-222.172 121.108-341.166 123.814v-25.134c64.252-31.354 116-88.466 116-153.734 0-9.106-0.712-18.048-2.030-26.794-108.558-71.214-177.97-179.988-177.97-301.89 0-214.534 214.904-388.448 480-388.448zM996 870.686c0 55.942 36.314 104.898 92 131.772v21.542c-103.126-2.318-197.786-18.102-287.142-106.126-21.14 2.65-42.794 4.040-64.858 4.040-95.47 0-183.408-25.758-253.614-69.040 144.674-0.506 281.26-46.854 384.834-130.672 52.208-42.252 93.394-91.826 122.414-147.348 30.766-58.866 46.366-121.582 46.366-186.406 0-10.448-0.45-20.836-1.258-31.168 72.57 59.934 117.258 141.622 117.258 231.676 0 104.488-60.158 197.722-154.24 258.764-1.142 7.496-1.76 15.16-1.76 22.966z"
        ],
        "tags": [
          "bubbles",
          "comments",
          "chat",
          "talk"
        ],
        "defaultCode": 59757,
        "grid": 16,
        "attrs": []
      },
      "attrs": [],
      "properties": {
        "ligatures": "bubbles2, comments2",
        "name": "bubbles2",
        "order": 23,
        "id": 110,
        "prevSize": 32
      },
      "setIdx": 0,
      "setId": 1,
      "iconIdx": 109
    },
    {
      "icon": {
        "paths": [
          "M992.262 871.396l-242.552-206.294c-25.074-22.566-51.89-32.926-73.552-31.926 57.256-67.068 91.842-154.078 91.842-249.176 0-212.078-171.922-384-384-384-212.076 0-384 171.922-384 384s171.922 384 384 384c95.098 0 182.108-34.586 249.176-91.844-1 21.662 9.36 48.478 31.926 73.552l206.294 242.552c35.322 39.246 93.022 42.554 128.22 7.356s31.892-92.898-7.354-128.22zM384 640c-141.384 0-256-114.616-256-256s114.616-256 256-256 256 114.616 256 256-114.614 256-256 256z"
        ],
        "tags": [
          "search",
          "magnifier",
          "magnifying-glass",
          "inspect",
          "find"
        ],
        "defaultCode": 59782,
        "grid": 16,
        "attrs": []
      },
      "attrs": [],
      "properties": {
        "ligatures": "search, magnifier",
        "name": "search",
        "order": 4,
        "id": 135,
        "prevSize": 32
      },
      "setIdx": 0,
      "setId": 1,
      "iconIdx": 134
    },
    {
      "icon": {
        "paths": [
          "M0 832h1024v128h-1024zM128 576h128v192h-128zM320 320h128v448h-128zM512 512h128v256h-128zM704 128h128v640h-128z"
        ],
        "tags": [
          "stats-bars",
          "stats",
          "statistics",
          "chart"
        ],
        "defaultCode": 59804,
        "grid": 16,
        "attrs": []
      },
      "attrs": [],
      "properties": {
        "ligatures": "stats-bars, stats3",
        "name": "stats-bars",
        "order": 24,
        "id": 157,
        "prevSize": 32
      },
      "setIdx": 0,
      "setId": 1,
      "iconIdx": 156
    },
    {
      "icon": {
        "paths": [
          "M512 0c-282.77 0-512 229.23-512 512s229.23 512 512 512 512-229.23 512-512-229.23-512-512-512zM512 928c-229.75 0-416-186.25-416-416s186.25-416 416-416 416 186.25 416 416-186.25 416-416 416z",
          "M672 256l-160 160-160-160-96 96 160 160-160 160 96 96 160-160 160 160 96-96-160-160 160-160z"
        ],
        "tags": [
          "cancel-circle",
          "close",
          "remove",
          "delete"
        ],
        "defaultCode": 59917,
        "grid": 16,
        "attrs": []
      },
      "attrs": [],
      "properties": {
        "ligatures": "cancel-circle, close",
        "name": "cancel-circle",
        "order": 30,
        "id": 270,
        "prevSize": 32
      },
      "setIdx": 0,
      "setId": 1,
      "iconIdx": 269
    },
    {
      "icon": {
        "paths": [
          "M874.040 149.96c-96.706-96.702-225.28-149.96-362.040-149.96s-265.334 53.258-362.040 149.96c-96.702 96.706-149.96 225.28-149.96 362.040s53.258 265.334 149.96 362.040c96.706 96.702 225.28 149.96 362.040 149.96s265.334-53.258 362.040-149.96c96.702-96.706 149.96-225.28 149.96-362.040s-53.258-265.334-149.96-362.040zM896 512c0 82.814-26.354 159.588-71.112 222.38l-535.266-535.268c62.792-44.758 139.564-71.112 222.378-71.112 211.738 0 384 172.262 384 384zM128 512c0-82.814 26.354-159.586 71.112-222.378l535.27 535.268c-62.794 44.756-139.568 71.11-222.382 71.11-211.738 0-384-172.262-384-384z"
        ],
        "tags": [
          "blocked",
          "forbidden",
          "denied",
          "banned"
        ],
        "defaultCode": 59918,
        "grid": 16,
        "attrs": []
      },
      "attrs": [],
      "properties": {
        "ligatures": "blocked, forbidden",
        "name": "blocked",
        "order": 27,
        "id": 271,
        "prevSize": 32
      },
      "setIdx": 0,
      "setId": 1,
      "iconIdx": 270
    },
    {
      "icon": {
        "paths": [
          "M1014.662 822.66c-0.004-0.004-0.008-0.008-0.012-0.010l-310.644-310.65 310.644-310.65c0.004-0.004 0.008-0.006 0.012-0.010 3.344-3.346 5.762-7.254 7.312-11.416 4.246-11.376 1.824-24.682-7.324-33.83l-146.746-146.746c-9.148-9.146-22.45-11.566-33.828-7.32-4.16 1.55-8.070 3.968-11.418 7.31 0 0.004-0.004 0.006-0.008 0.010l-310.648 310.652-310.648-310.65c-0.004-0.004-0.006-0.006-0.010-0.010-3.346-3.342-7.254-5.76-11.414-7.31-11.38-4.248-24.682-1.826-33.83 7.32l-146.748 146.748c-9.148 9.148-11.568 22.452-7.322 33.828 1.552 4.16 3.97 8.072 7.312 11.416 0.004 0.002 0.006 0.006 0.010 0.010l310.65 310.648-310.65 310.652c-0.002 0.004-0.006 0.006-0.008 0.010-3.342 3.346-5.76 7.254-7.314 11.414-4.248 11.376-1.826 24.682 7.322 33.83l146.748 146.746c9.15 9.148 22.452 11.568 33.83 7.322 4.16-1.552 8.070-3.97 11.416-7.312 0.002-0.004 0.006-0.006 0.010-0.010l310.648-310.65 310.648 310.65c0.004 0.002 0.008 0.006 0.012 0.008 3.348 3.344 7.254 5.762 11.414 7.314 11.378 4.246 24.684 1.826 33.828-7.322l146.746-146.748c9.148-9.148 11.57-22.454 7.324-33.83-1.552-4.16-3.97-8.068-7.314-11.414z"
        ],
        "tags": [
          "cross",
          "cancel",
          "close",
          "quit",
          "remove"
        ],
        "defaultCode": 59919,
        "grid": 16,
        "attrs": []
      },
      "attrs": [],
      "properties": {
        "ligatures": "cross, cancel",
        "name": "cross",
        "order": 25,
        "id": 272,
        "prevSize": 32
      },
      "setIdx": 0,
      "setId": 1,
      "iconIdx": 271
    },
    {
      "icon": {
        "paths": [
          "M864 128l-480 480-224-224-160 160 384 384 640-640z"
        ],
        "tags": [
          "checkmark",
          "tick",
          "correct",
          "accept",
          "ok"
        ],
        "defaultCode": 59920,
        "grid": 16,
        "attrs": []
      },
      "attrs": [],
      "properties": {
        "ligatures": "checkmark, tick",
        "name": "checkmark",
        "order": 26,
        "id": 273,
        "prevSize": 32
      },
      "setIdx": 0,
      "setId": 1,
      "iconIdx": 272
    },
    {
      "icon": {
        "paths": [
          "M384 512h-320v-128h320v-128l192 192-192 192zM1024 0v832l-384 192v-192h-384v-256h64v192h320v-576l256-128h-576v256h-64v-320z"
        ],
        "tags": [
          "enter",
          "signin",
          "login"
        ],
        "defaultCode": 59923,
        "grid": 16,
        "attrs": []
      },
      "attrs": [],
      "properties": {
        "ligatures": "enter, signin",
        "name": "enter",
        "order": 29,
        "id": 276,
        "prevSize": 32
      },
      "setIdx": 0,
      "setId": 1,
      "iconIdx": 275
    },
    {
      "icon": {
        "paths": [
          "M768 640v-128h-320v-128h320v-128l192 192zM704 576v256h-320v192l-384-192v-832h704v320h-64v-256h-512l256 128v576h256v-192z"
        ],
        "tags": [
          "exit",
          "signout",
          "logout",
          "quit",
          "close"
        ],
        "defaultCode": 59924,
        "grid": 16,
        "attrs": []
      },
      "attrs": [],
      "properties": {
        "ligatures": "exit, signout",
        "name": "exit",
        "order": 28,
        "id": 277,
        "prevSize": 32
      },
      "setIdx": 0,
      "setId": 1,
      "iconIdx": 276
    },
    {
      "icon": {
        "paths": [
          "M0 512c0 282.77 229.23 512 512 512s512-229.23 512-512-229.23-512-512-512-512 229.23-512 512zM928 512c0 229.75-186.25 416-416 416s-416-186.25-416-416 186.25-416 416-416 416 186.25 416 416z",
          "M706.744 669.256l90.512-90.512-285.256-285.254-285.254 285.256 90.508 90.508 194.746-194.744z"
        ],
        "tags": [
          "circle-up",
          "up",
          "circle-top",
          "arrow"
        ],
        "defaultCode": 59969,
        "grid": 16,
        "attrs": []
      },
      "attrs": [],
      "properties": {
        "ligatures": "circle-up, up3",
        "name": "circle-up",
        "order": 32,
        "id": 322,
        "prevSize": 32
      },
      "setIdx": 0,
      "setId": 1,
      "iconIdx": 321
    },
    {
      "icon": {
        "paths": [
          "M512 0c-282.77 0-512 229.23-512 512s229.23 512 512 512 512-229.23 512-512-229.23-512-512-512zM512 928c-229.75 0-416-186.25-416-416s186.25-416 416-416 416 186.25 416 416-186.25 416-416 416z",
          "M354.744 706.744l90.512 90.512 285.254-285.256-285.256-285.254-90.508 90.508 194.744 194.746z"
        ],
        "tags": [
          "circle-right",
          "right",
          "circle-next",
          "arrow"
        ],
        "defaultCode": 59970,
        "grid": 16,
        "attrs": []
      },
      "attrs": [],
      "properties": {
        "ligatures": "circle-right, right5",
        "name": "circle-right",
        "order": 31,
        "id": 323,
        "prevSize": 32
      },
      "setIdx": 0,
      "setId": 1,
      "iconIdx": 322
    },
    {
      "icon": {
        "paths": [
          "M1024 512c0-282.77-229.23-512-512-512s-512 229.23-512 512 229.23 512 512 512 512-229.23 512-512zM96 512c0-229.75 186.25-416 416-416s416 186.25 416 416-186.25 416-416 416-416-186.25-416-416z",
          "M317.256 354.744l-90.512 90.512 285.256 285.254 285.254-285.256-90.508-90.508-194.746 194.744z"
        ],
        "tags": [
          "circle-down",
          "down",
          "circle-bottom",
          "arrow"
        ],
        "defaultCode": 59971,
        "grid": 16,
        "attrs": []
      },
      "attrs": [],
      "properties": {
        "ligatures": "circle-down, down3",
        "name": "circle-down",
        "order": 33,
        "id": 324,
        "prevSize": 32
      },
      "setIdx": 0,
      "setId": 1,
      "iconIdx": 323
    },
    {
      "icon": {
        "paths": [
          "M512 1024c282.77 0 512-229.23 512-512s-229.23-512-512-512-512 229.23-512 512 229.23 512 512 512zM512 96c229.75 0 416 186.25 416 416s-186.25 416-416 416-416-186.25-416-416 186.25-416 416-416z",
          "M669.256 317.256l-90.512-90.512-285.254 285.256 285.256 285.254 90.508-90.508-194.744-194.746z"
        ],
        "tags": [
          "circle-left",
          "left",
          "circle-previous",
          "arrow"
        ],
        "defaultCode": 59972,
        "grid": 16,
        "attrs": []
      },
      "attrs": [],
      "properties": {
        "ligatures": "circle-left, left5",
        "name": "circle-left",
        "order": 34,
        "id": 325,
        "prevSize": 32
      },
      "setIdx": 0,
      "setId": 1,
      "iconIdx": 324
    },
    {
      "icon": {
        "paths": [
          "M576 736l96 96 320-320-320-320-96 96 224 224z",
          "M448 288l-96-96-320 320 320 320 96-96-224-224z"
        ],
        "tags": [
          "embed",
          "code",
          "html",
          "xml"
        ],
        "defaultCode": 60031,
        "grid": 16,
        "attrs": []
      },
      "attrs": [],
      "properties": {
        "ligatures": "embed, code",
        "name": "embed",
        "order": 46,
        "id": 384,
        "prevSize": 32
      },
      "setIdx": 0,
      "setId": 1,
      "iconIdx": 383
    },
    {
      "icon": {
        "width": 1280,
        "paths": [
          "M832 736l96 96 320-320-320-320-96 96 224 224z",
          "M448 288l-96-96-320 320 320 320 96-96-224-224z",
          "M701.298 150.519l69.468 18.944-191.987 704.026-69.468-18.944 191.987-704.026z"
        ],
        "tags": [
          "embed",
          "code",
          "html",
          "xml"
        ],
        "defaultCode": 60032,
        "grid": 16,
        "attrs": []
      },
      "attrs": [],
      "properties": {
        "ligatures": "embed2, code2",
        "name": "embed2",
        "order": 45,
        "id": 385,
        "prevSize": 32
      },
      "setIdx": 0,
      "setId": 1,
      "iconIdx": 384
    },
    {
      "icon": {
        "paths": [
          "M864 704c-45.16 0-85.92 18.738-115.012 48.83l-431.004-215.502c1.314-8.252 2.016-16.706 2.016-25.328s-0.702-17.076-2.016-25.326l431.004-215.502c29.092 30.090 69.852 48.828 115.012 48.828 88.366 0 160-71.634 160-160s-71.634-160-160-160-160 71.634-160 160c0 8.622 0.704 17.076 2.016 25.326l-431.004 215.504c-29.092-30.090-69.852-48.83-115.012-48.83-88.366 0-160 71.636-160 160 0 88.368 71.634 160 160 160 45.16 0 85.92-18.738 115.012-48.828l431.004 215.502c-1.312 8.25-2.016 16.704-2.016 25.326 0 88.368 71.634 160 160 160s160-71.632 160-160c0-88.364-71.634-160-160-160z"
        ],
        "tags": [
          "share",
          "social"
        ],
        "defaultCode": 60034,
        "grid": 16,
        "attrs": []
      },
      "attrs": [],
      "properties": {
        "ligatures": "share2, social",
        "name": "share2",
        "order": 44,
        "id": 387,
        "prevSize": 32
      },
      "setIdx": 0,
      "setId": 1,
      "iconIdx": 386
    },
    {
      "icon": {
        "paths": [
          "M853.31 0h-682.62c-93.88 0-170.69 76.784-170.69 170.658v682.656c0 93.876 76.81 170.686 170.69 170.686h682.622c93.938 0 170.688-76.81 170.688-170.686v-682.656c0-93.874-76.75-170.658-170.69-170.658zM256 256h512c9.138 0 18.004 1.962 26.144 5.662l-282.144 329.168-282.144-329.17c8.14-3.696 17.006-5.66 26.144-5.66zM192 704v-384c0-1.34 0.056-2.672 0.14-4l187.664 218.94-185.598 185.6c-1.444-5.338-2.206-10.886-2.206-16.54zM768 768h-512c-5.654 0-11.202-0.762-16.54-2.206l182.118-182.118 90.422 105.496 90.424-105.494 182.116 182.118c-5.34 1.442-10.886 2.204-16.54 2.204zM832 704c0 5.654-0.762 11.2-2.206 16.54l-185.598-185.598 187.664-218.942c0.084 1.328 0.14 2.66 0.14 4v384z"
        ],
        "tags": [
          "mail",
          "contact",
          "support",
          "newsletter",
          "letter",
          "email",
          "envelop",
          "social"
        ],
        "defaultCode": 60035,
        "grid": 16,
        "attrs": []
      },
      "attrs": [],
      "properties": {
        "ligatures": "mail2, contact2",
        "name": "mail",
        "order": 52,
        "id": 388,
        "prevSize": 32
      },
      "setIdx": 0,
      "setId": 1,
      "iconIdx": 387
    },
    {
      "icon": {
        "paths": [
          "M853.342 0h-682.656c-93.874 0-170.686 76.81-170.686 170.69v682.622c0 93.938 76.812 170.688 170.686 170.688h682.656c93.876 0 170.658-76.75 170.658-170.69v-682.62c0-93.88-76.782-170.69-170.658-170.69zM853.342 128c7.988 0 15.546 2.334 22.020 6.342l-363.362 300.404-363.354-300.4c6.478-4.010 14.044-6.346 22.040-6.346h682.656zM170.686 896c-1.924 0-3.82-0.146-5.684-0.408l225.626-312.966-29.256-29.254-233.372 233.37v-611.138l384 464.396 384-464.394v611.136l-233.372-233.37-29.254 29.254 225.628 312.968c-1.858 0.26-3.746 0.406-5.662 0.406h-682.654z"
        ],
        "tags": [
          "mail",
          "contact",
          "support",
          "newsletter",
          "letter",
          "email",
          "envelop",
          "social"
        ],
        "defaultCode": 60036,
        "grid": 16,
        "attrs": []
      },
      "attrs": [],
      "properties": {
        "ligatures": "mail3, contact3",
        "name": "mail2",
        "order": 51,
        "id": 389,
        "prevSize": 32
      },
      "setIdx": 0,
      "setId": 1,
      "iconIdx": 388
    },
    {
      "icon": {
        "paths": [
          "M512 0c-282.77 0-512 229.23-512 512s229.23 512 512 512 512-229.23 512-512-229.23-512-512-512zM256 256h512c9.138 0 18.004 1.962 26.144 5.662l-282.144 329.168-282.144-329.17c8.14-3.696 17.006-5.66 26.144-5.66zM192 704v-384c0-1.34 0.056-2.672 0.14-4l187.664 218.942-185.598 185.598c-1.444-5.336-2.206-10.886-2.206-16.54zM768 768h-512c-5.654 0-11.202-0.762-16.54-2.208l182.118-182.118 90.422 105.498 90.424-105.494 182.116 182.12c-5.34 1.44-10.886 2.202-16.54 2.202zM832 704c0 5.654-0.762 11.2-2.206 16.54l-185.6-185.598 187.666-218.942c0.084 1.328 0.14 2.66 0.14 4v384z"
        ],
        "tags": [
          "mail",
          "contact",
          "support",
          "newsletter",
          "letter",
          "email",
          "envelop",
          "social"
        ],
        "defaultCode": 60038,
        "grid": 16,
        "attrs": []
      },
      "attrs": [],
      "properties": {
        "ligatures": "mail5, contact5",
        "name": "mail4",
        "order": 43,
        "id": 391,
        "prevSize": 32
      },
      "setIdx": 0,
      "setId": 1,
      "iconIdx": 390
    },
    {
      "icon": {
        "paths": [
          "M925.6 885.2c-112.2 82.8-274.6 126.8-414.6 126.8-196.2 0-372.8-72.4-506.4-193.2-10.4-9.4-1.2-22.4 11.4-15 144.2 84 322.6 134.4 506.8 134.4 124.2 0 260.8-25.8 386.6-79.2 18.8-8 34.8 12.6 16.2 26.2z",
          "M972.2 832c-14.4-18.4-94.8-8.8-131-4.4-11 1.2-12.6-8.2-2.8-15.2 64.2-45 169.4-32 181.6-17 12.4 15.2-3.2 120.6-63.4 171-9.2 7.8-18 3.6-14-6.6 13.8-33.8 44-109.4 29.6-127.8z",
          "M707.4 757.6l0.2 0.2c24.8-21.8 69.4-60.8 94.6-81.8 10-8 8.2-21.4 0.4-32.6-22.6-31.2-46.6-56.6-46.6-114.2v-192c0-81.4 5.6-156-54.2-212-47.2-45.2-125.6-61.2-185.6-61.2-117.2 0-248 43.8-275.4 188.6-3 15.4 8.4 23.6 18.4 25.8l119.4 13c11.2-0.6 19.2-11.6 21.4-22.8 10.2-49.8 52-74 99-74 25.4 0 54.2 9.2 69.2 32 17.2 25.4 15 60 15 89.4v16c-71.4 8-164.8 13.2-231.6 42.6-77.2 33.4-131.4 101.4-131.4 201.4 0 128 80.6 192 184.4 192 87.6 0 135.4-20.6 203-89.8 22.4 32.4 29.6 48.2 70.6 82.2 9.4 5 21 4.6 29.2-2.8zM583.2 457.2c0 48 1.2 88-23 130.6-19.6 34.8-50.6 56-85.2 56-47.2 0-74.8-36-74.8-89.2 0-105 94.2-124 183.2-124v26.6z"
        ],
        "tags": [
          "amazon",
          "brand"
        ],
        "defaultCode": 60039,
        "grid": 16,
        "attrs": []
      },
      "attrs": [],
      "properties": {
        "name": "amazon",
        "ligatures": "amazon, brand",
        "order": 42,
        "id": 392,
        "prevSize": 32
      },
      "setIdx": 0,
      "setId": 1,
      "iconIdx": 391
    },
    {
      "icon": {
        "paths": [
          "M512 0c-282.8 0-512 229.2-512 512s229.2 512 512 512 512-229.2 512-512-229.2-512-512-512zM519.6 896c-212.2 0-384-171.8-384-384s171.8-384 384-384c103.6 0 190.4 37.8 257.2 100.4l-104.2 100.4c-28.6-27.4-78.4-59.2-153-59.2-131.2 0-238 108.6-238 242.4s107 242.4 238 242.4c152 0 209-109.2 217.8-165.6h-217.8v-131.6h362.6c3.2 19.2 6 38.4 6 63.6 0.2 219.4-146.8 375.2-368.6 375.2z"
        ],
        "tags": [
          "google",
          "brand"
        ],
        "defaultCode": 60042,
        "grid": 16,
        "attrs": []
      },
      "attrs": [],
      "properties": {
        "name": "google3",
        "ligatures": "google3, brand4",
        "order": 41,
        "id": 395,
        "prevSize": 32
      },
      "setIdx": 0,
      "setId": 1,
      "iconIdx": 394
    },
    {
      "icon": {
        "paths": [
          "M438 640l-184.6 320h580.6l184.6-320z",
          "M992.4 576l-295.6-512h-369.6l295.6 512z",
          "M290.2 128l-290.2 502.8 184.8 320 290.2-502.8z"
        ],
        "tags": [
          "google-drive",
          "brand"
        ],
        "defaultCode": 60047,
        "grid": 16,
        "attrs": []
      },
      "attrs": [],
      "properties": {
        "ligatures": "google-drive, brand9",
        "name": "google-drive",
        "order": 50,
        "id": 400,
        "prevSize": 32
      },
      "setIdx": 0,
      "setId": 1,
      "iconIdx": 399
    },
    {
      "icon": {
        "paths": [
          "M608 192h160v-192h-160c-123.514 0-224 100.486-224 224v96h-128v192h128v512h192v-512h160l32-192h-192v-96c0-17.346 14.654-32 32-32z"
        ],
        "tags": [
          "facebook",
          "brand",
          "social"
        ],
        "defaultCode": 60048,
        "grid": 16,
        "attrs": []
      },
      "attrs": [],
      "properties": {
        "ligatures": "facebook, brand10",
        "name": "facebook",
        "order": 38,
        "id": 401,
        "prevSize": 32
      },
      "setIdx": 0,
      "setId": 1,
      "iconIdx": 400
    },
    {
      "icon": {
        "paths": [
          "M512 92.2c136.8 0 153 0.6 206.8 3 50 2.2 77 10.6 95 17.6 23.8 9.2 41 20.4 58.8 38.2 18 18 29 35 38.4 58.8 7 18 15.4 45.2 17.6 95 2.4 54 3 70.2 3 206.8s-0.6 153-3 206.8c-2.2 50-10.6 77-17.6 95-9.2 23.8-20.4 41-38.2 58.8-18 18-35 29-58.8 38.4-18 7-45.2 15.4-95 17.6-54 2.4-70.2 3-206.8 3s-153-0.6-206.8-3c-50-2.2-77-10.6-95-17.6-23.8-9.2-41-20.4-58.8-38.2-18-18-29-35-38.4-58.8-7-18-15.4-45.2-17.6-95-2.4-54-3-70.2-3-206.8s0.6-153 3-206.8c2.2-50 10.6-77 17.6-95 9.2-23.8 20.4-41 38.2-58.8 18-18 35-29 58.8-38.4 18-7 45.2-15.4 95-17.6 53.8-2.4 70-3 206.8-3zM512 0c-139 0-156.4 0.6-211 3-54.4 2.4-91.8 11.2-124.2 23.8-33.8 13.2-62.4 30.6-90.8 59.2-28.6 28.4-46 57-59.2 90.6-12.6 32.6-21.4 69.8-23.8 124.2-2.4 54.8-3 72.2-3 211.2s0.6 156.4 3 211c2.4 54.4 11.2 91.8 23.8 124.2 13.2 33.8 30.6 62.4 59.2 90.8 28.4 28.4 57 46 90.6 59 32.6 12.6 69.8 21.4 124.2 23.8 54.6 2.4 72 3 211 3s156.4-0.6 211-3c54.4-2.4 91.8-11.2 124.2-23.8 33.6-13 62.2-30.6 90.6-59s46-57 59-90.6c12.6-32.6 21.4-69.8 23.8-124.2 2.4-54.6 3-72 3-211s-0.6-156.4-3-211c-2.4-54.4-11.2-91.8-23.8-124.2-12.6-34-30-62.6-58.6-91-28.4-28.4-57-46-90.6-59-32.6-12.6-69.8-21.4-124.2-23.8-54.8-2.6-72.2-3.2-211.2-3.2v0z",
          "M512 249c-145.2 0-263 117.8-263 263s117.8 263 263 263 263-117.8 263-263c0-145.2-117.8-263-263-263zM512 682.6c-94.2 0-170.6-76.4-170.6-170.6s76.4-170.6 170.6-170.6c94.2 0 170.6 76.4 170.6 170.6s-76.4 170.6-170.6 170.6z",
          "M846.8 238.6c0 33.91-27.49 61.4-61.4 61.4s-61.4-27.49-61.4-61.4c0-33.91 27.49-61.4 61.4-61.4s61.4 27.49 61.4 61.4z"
        ],
        "tags": [
          "instagram",
          "brand",
          "social"
        ],
        "defaultCode": 60050,
        "grid": 16,
        "attrs": []
      },
      "attrs": [],
      "properties": {
        "ligatures": "instagram, brand12",
        "name": "instagram",
        "order": 36,
        "id": 403,
        "prevSize": 32
      },
      "setIdx": 0,
      "setId": 1,
      "iconIdx": 402
    },
    {
      "icon": {
        "paths": [
          "M873 148.8c-95.8-96-223.2-148.8-359-148.8-279.6 0-507.2 227.6-507.2 507.4 0 89.4 23.4 176.8 67.8 253.6l-72 263 269-70.6c74.2 40.4 157.6 61.8 242.4 61.8h0.2c0 0 0 0 0 0 279.6 0 507.4-227.6 507.4-507.4 0-135.6-52.8-263-148.6-359zM514.2 929.6v0c-75.8 0-150-20.4-214.8-58.8l-15.4-9.2-159.6 41.8 42.6-155.6-10-16c-42.4-67-64.6-144.6-64.6-224.4 0-232.6 189.2-421.8 422-421.8 112.6 0 218.6 44 298.2 123.6 79.6 79.8 123.4 185.6 123.4 298.4-0.2 232.8-189.4 422-421.8 422zM745.4 613.6c-12.6-6.4-75-37-86.6-41.2s-20-6.4-28.6 6.4c-8.4 12.6-32.8 41.2-40.2 49.8-7.4 8.4-14.8 9.6-27.4 3.2s-53.6-19.8-102-63c-37.6-33.6-63.2-75.2-70.6-87.8s-0.8-19.6 5.6-25.8c5.8-5.6 12.6-14.8 19-22.2s8.4-12.6 12.6-21.2c4.2-8.4 2.2-15.8-1-22.2s-28.6-68.8-39-94.2c-10.2-24.8-20.8-21.4-28.6-21.8-7.4-0.4-15.8-0.4-24.2-0.4s-22.2 3.2-33.8 15.8c-11.6 12.6-44.4 43.4-44.4 105.8s45.4 122.6 51.8 131.2c6.4 8.4 89.4 136.6 216.6 191.4 30.2 13 53.8 20.8 72.2 26.8 30.4 9.6 58 8.2 79.8 5 24.4-3.6 75-30.6 85.6-60.2s10.6-55 7.4-60.2c-3-5.6-11.4-8.8-24.2-15.2z"
        ],
        "tags": [
          "whatsapp",
          "brand",
          "social"
        ],
        "defaultCode": 60051,
        "grid": 16,
        "attrs": []
      },
      "attrs": [],
      "properties": {
        "name": "whatsapp",
        "ligatures": "whatsapp, brand13",
        "order": 35,
        "id": 404,
        "prevSize": 32
      },
      "setIdx": 0,
      "setId": 1,
      "iconIdx": 403
    },
    {
      "icon": {
        "paths": [
          "M512 0c-281.6 0-512 230.4-512 512s230.4 512 512 512 512-230.4 512-512-227.8-512-512-512zM747.6 739.8c-10.2 15.4-28.2 20.4-43.6 10.2-120.4-74.2-271.4-89.6-450.6-48.6-18 5.2-33.2-7.6-38.4-23-5.2-18 7.6-33.2 23-38.4 194.6-43.6 363.6-25.6 496.6 56.4 18 7.6 20.6 28 13 43.4zM809 599c-12.8 18-35.8 25.6-53.8 12.8-138.2-84.4-348.2-110-509.4-58.8-20.4 5.2-43.6-5.2-48.6-25.6-5.2-20.4 5.2-43.6 25.6-48.6 186.8-56.4 417.2-28.2 576 69.2 15.2 7.6 23 33.2 10.2 51zM814 455.6c-163.8-97.2-437.8-107.6-594-58.8-25.6 7.6-51.2-7.6-58.8-30.8-7.6-25.6 7.6-51.2 30.8-58.8 181.8-53.8 481.2-43.6 670.8 69.2 23 12.8 30.8 43.6 18 66.6-13 17.8-43.6 25.4-66.8 12.6z"
        ],
        "tags": [
          "spotify",
          "brand",
          "social"
        ],
        "defaultCode": 60052,
        "grid": 16,
        "attrs": []
      },
      "attrs": [],
      "properties": {
        "name": "spotify",
        "ligatures": "spotify, brand14",
        "order": 49,
        "id": 405,
        "prevSize": 32
      },
      "setIdx": 0,
      "setId": 1,
      "iconIdx": 404
    },
    {
      "icon": {
        "paths": [
          "M512 0c-282.8 0-512 229.2-512 512s229.2 512 512 512 512-229.2 512-512-229.2-512-512-512zM763.6 351l-84 395.8c-5.8 28.2-22.8 34.8-46.4 21.8l-128-94.6-61.4 59.8c-7.2 7-12.8 12.8-25.6 12.8-16.6 0-13.8-6.2-19.4-22l-43.6-143.2-126.6-39.4c-27.4-8.4-27.6-27.2 6.2-40.6l493.2-190.4c22.4-10.2 44.2 5.4 35.6 40z"
        ],
        "tags": [
          "telegram",
          "brand",
          "social"
        ],
        "defaultCode": 60053,
        "grid": 16,
        "attrs": []
      },
      "attrs": [],
      "properties": {
        "name": "telegram",
        "ligatures": "telegram, brand15",
        "order": 39,
        "id": 406,
        "prevSize": 32
      },
      "setIdx": 0,
      "setId": 1,
      "iconIdx": 405
    },
    {
      "icon": {
        "paths": [
          "M1024 226.4c-37.6 16.8-78.2 28-120.6 33 43.4-26 76.6-67.2 92.4-116.2-40.6 24-85.6 41.6-133.4 51-38.4-40.8-93-66.2-153.4-66.2-116 0-210 94-210 210 0 16.4 1.8 32.4 5.4 47.8-174.6-8.8-329.4-92.4-433-219.6-18 31-28.4 67.2-28.4 105.6 0 72.8 37 137.2 93.4 174.8-34.4-1-66.8-10.6-95.2-26.2 0 0.8 0 1.8 0 2.6 0 101.8 72.4 186.8 168.6 206-17.6 4.8-36.2 7.4-55.4 7.4-13.6 0-26.6-1.4-39.6-3.8 26.8 83.4 104.4 144.2 196.2 146-72 56.4-162.4 90-261 90-17 0-33.6-1-50.2-3 93.2 59.8 203.6 94.4 322.2 94.4 386.4 0 597.8-320.2 597.8-597.8 0-9.2-0.2-18.2-0.6-27.2 41-29.4 76.6-66.4 104.8-108.6z"
        ],
        "tags": [
          "twitter",
          "brand",
          "tweet",
          "social"
        ],
        "defaultCode": 60054,
        "grid": 16,
        "attrs": []
      },
      "attrs": [],
      "properties": {
        "ligatures": "twitter, brand16",
        "name": "twitter",
        "order": 40,
        "id": 407,
        "prevSize": 32
      },
      "setIdx": 0,
      "setId": 1,
      "iconIdx": 406
    },
    {
      "icon": {
        "paths": [
          "M1013.8 307.2c0 0-10-70.6-40.8-101.6-39-40.8-82.6-41-102.6-43.4-143.2-10.4-358.2-10.4-358.2-10.4h-0.4c0 0-215 0-358.2 10.4-20 2.4-63.6 2.6-102.6 43.4-30.8 31-40.6 101.6-40.6 101.6s-10.2 82.8-10.2 165.8v77.6c0 82.8 10.2 165.8 10.2 165.8s10 70.6 40.6 101.6c39 40.8 90.2 39.4 113 43.8 82 7.8 348.2 10.2 348.2 10.2s215.2-0.4 358.4-10.6c20-2.4 63.6-2.6 102.6-43.4 30.8-31 40.8-101.6 40.8-101.6s10.2-82.8 10.2-165.8v-77.6c-0.2-82.8-10.4-165.8-10.4-165.8zM406.2 644.8v-287.8l276.6 144.4-276.6 143.4z"
        ],
        "tags": [
          "youtube",
          "brand",
          "social"
        ],
        "defaultCode": 60061,
        "grid": 16,
        "attrs": []
      },
      "attrs": [],
      "properties": {
        "ligatures": "youtube, brand21",
        "name": "youtube",
        "order": 48,
        "id": 414,
        "prevSize": 32
      },
      "setIdx": 0,
      "setId": 1,
      "iconIdx": 413
    },
    {
      "icon": {
        "width": 2569,
        "paths": [
          "M344.012 169.399c0.209-0.865 0.344-1.479 0.388-1.8l1.042-7.559-47.349-0.267c-42.779-0.242-55.87 0.007-57.047 1.084-0.565 0.516-15.333 56.633-41.655 158.273-12.556 48.484-23.124 87.206-23.487 86.051s-15.391-56.498-33.397-122.98c-18.006-66.482-33.104-121.243-33.55-121.692-0.623-0.623-57.98-0.9-104.417-0.502-6.735 0.056-10.477-13.11 60.021 211.133 9.759 31.041 24.371 74.997 32.469 97.679 9.333 26.141 15.989 46.323 20.534 63.173 8.038 32.067 8.319 52.163 6.565 75.625-2.026 27.101-2.321 218.438-0.342 221.638 1.512 2.449 91.223 3.589 99.712 1.268 1.358-0.372 2.265-1.691 2.87-8.928 2.119-6.219 2.286-30.969 2.286-133.744v-131.281l5.742-18.112c3.756-11.849 13.201-42.995 20.989-69.22 7.789-26.222 17.21-57.619 20.938-69.771 33.834-110.319 66.14-218.831 66.994-225.011l0.693-5.056z",
          "M846.122 328.651l-0.021 6.838-1.065 0.014-0.595 188.993-0.577 183.227-14.666 14.929c-16.424 16.719-29.585 23.101-41.488 20.113-12.963-3.254-12.64 1.8-13.722-214.768l-0.998-199.347h-94.316v6.851h-1.086v216.289c0 231.737-0.007 231.599 11.752 254.875 9.366 18.536 23.010 27.559 46.391 30.671h0.002c30.79 4.1 64.001-9.849 94.77-39.809l13.373-13.022v22.445c0 19.396 0.554 22.601 4.070 23.58 5.756 1.605 77.173 1.707 84.89 0.126l6.396-1.314v-6.628l1.086-0.223v-495.098l-94.195 1.258z",
          "M606.892 426.33c-8.935-38.341-25.68-64.115-53.233-81.939-43.281-27.999-92.718-30.957-138.586-8.291-33.425 16.515-54.951 43.914-66.071 84.083-1.326 4.786-2.298 8.812-3.033 14.815-2.83 14.184-3.163 35.351-3.889 133.951-1.121 151.928 0.616 170.003 19.643 204.51 18.664 33.848 57.403 58.661 99.572 63.782 12.696 1.54 38.43-0.858 53.23-4.961 33.632-9.326 65.864-35.906 80.118-66.078 6.158-13.033 9.875-22.096 12.115-38.651 4.175-22.617 4.47-59.175 4.47-152.375-0.002-118.875-0.379-131.862-4.337-148.847zM499.34 736.003c-7.907 6.028-21.734 8.649-32.983 6.249-8.656-1.847-20.338-15.419-23.934-27.801-4.479-15.436-4.823-229.985-0.954-272.059 6.379-21.054 24.19-32.050 43.635-26.813 15.157 4.082 22.915 13.575 27.336 33.457 3.282 14.754 3.67 33.129 2.972 141.26-0.46 71.701-0.716 106.742-3.058 125.553-2.382 11.87-6.319 15.047-13.015 20.154z",
          "M2300.389 534.137h45.57l-0.726-41.281c-0.705-37.869-1.263-42.2-6.324-52.472-7.982-16.21-19.759-23.401-38.446-23.401-22.448 0-36.678 10.849-43.388 33.141-2.858 9.486-5.863 74.685-3.707 80.308 1.205 3.144 7.724 3.705 47.021 3.705z",
          "M1995.795 440.237c-6.077-12.247-17.385-18.278-30.525-17.806-10.221 0.365-21.561 4.677-32.488 13.010l-8.14 6.177v296.598l8.14 6.177c18.429 14.052 38.674 17.031 52.619 7.703 5.519-3.691 9.117-8.779 11.919-16.861 3.647-10.524 3.965-24.003 3.489-148.772-0.495-130.043-0.781-137.702-5.014-146.226z",
          "M2560.878 306.633c-9.080-108.842-16.303-144.165-38.751-189.544-29.729-60.101-72.692-91.788-133.876-98.747-47.309-5.379-225.315-12.97-390.044-16.631-285.188-6.338-754.057 5.858-813.939 21.173-27.673 7.077-48.426 19.11-70.022 40.604-37.844 37.662-60.391 91.679-69.452 166.396-20.692 170.606-21.134 376.727-1.188 553.515 8.577 76.041 26.243 125.443 59.41 166.159 20.694 25.406 56.352 46.998 88.26 53.442 22.385 4.523 134.42 10.798 297.605 16.668 24.306 0.874 88.667 2.379 143.030 3.344 113.301 2.012 321.627 0.821 440.719-2.519 80.127-2.249 226.201-8.172 253.5-10.282 7.677-0.593 25.469-1.728 39.537-2.523 47.277-2.67 77.353-12.568 105.596-34.76 36.553-28.718 64.857-81.795 76.815-144.037 11.314-58.894 18.887-163.773 20.422-282.851 1.284-99.491-0.426-153.175-7.621-239.409zM1425.273 267.192l-52.982 0.654-2.326 565.143-45.932 0.581c-35.525 0.488-46.307-0.044-47.167-2.326-0.616-1.626-1.356-129.020-1.672-283.153l-0.581-280.246-103.493-1.307v-88.304l305.829 1.235 1.307 87.069-52.982 0.654zM1750.216 591.117v243.035h-83.725v-25.583c0-19.247-0.735-25.583-2.979-25.583-1.64 0-9.226 6.344-16.861 14.098-16.557 16.817-36.171 30.367-52.91 36.63-34.662 12.968-67.589 5.4-81.618-18.75-12.838-22.11-13.082-27.052-13.082-256.335v-210.547h83.653l0.654 198.265c0.623 194.821 0.714 198.393 5.377 206.333 6.182 10.521 15.608 13.347 30.597 9.231 8.817-2.423 14.836-6.707 29.143-20.931l18.024-17.952v-374.946h83.725v243.035zM2076.757 799.41c-7.372 16.424-23.806 32.509-37.283 36.485-35.167 10.382-63.375 1.923-95.935-28.708-10.103-9.505-19.51-17.224-20.931-17.224-1.712 0-2.616 7.449-2.616 22.094v22.094h-83.725v-655.845h83.725v106.982c0 58.84 0.786 106.982 1.744 106.982s9.789-7.807 19.624-17.298c22.629-21.841 41.548-31.399 65.557-33.213 42.811-3.24 68.327 18.794 80.018 69.117 3.647 15.696 3.998 33.625 3.998 179.078-0.002 177.178-0.021 177.918-14.175 209.457zM2430.99 702.168c-0.744 18.226-2.954 39.137-4.942 46.514-11.642 43.167-42.635 73.731-87.432 86.269-60.315 16.878-126.704-10.777-153.205-63.812-14.875-29.769-15.408-35.706-15.408-181.185 0-118.617 0.419-133.171 4.214-149.354 10.747-45.788 37.392-75.422 82.49-91.865 13.068-4.765 26.708-7.207 40.337-7.486 48.672-0.998 96.984 25.18 117.229 67.808 13.659 28.76 15.35 41.060 16.717 122.099l1.235 72.678-178.497 1.235-0.654 48.84c-0.93 68.901 3.716 90.088 22.313 102.621 15.645 10.54 39.679 9.745 52.765-1.744 12.263-10.768 15.726-22.336 16.933-56.107l1.091-29.653h86.195l-1.381 33.143z"
        ],
        "tags": [
          "youtube",
          "brand",
          "social"
        ],
        "defaultCode": 60062,
        "grid": 16,
        "attrs": []
      },
      "attrs": [],
      "properties": {
        "ligatures": "youtube2, brand22",
        "name": "youtube2",
        "order": 47,
        "id": 415,
        "prevSize": 32
      },
      "setIdx": 0,
      "setId": 1,
      "iconIdx": 414
    }
  ],
  "height": 1024,
  "preferences": {
    "showGlyphs": true,
    "showQuickUse": true,
    "showQuickUse2": true,
    "showSVGs": true,
    "fontPref": {
      "prefix": "icon-",
      "metadata": {
        "fontFamily": "icomoon"
      },
      "metrics": {
        "emSize": 1024,
        "baseline": 6.25,
        "whitespace": 50
      },
      "embed": false
    },
    "imagePref": {
      "prefix": "icon-",
      "png": true,
      "useClassSelector": true,
      "color": 0,
      "bgColor": 16777215,
      "classSelector": ".icon",
      "name": "icomoon"
    },
    "historySize": 50,
    "showCodes": true,
    "gridSize": 16
  }
}